<?xml version="1.0" encoding="utf-8"?>
<!--/262703/360130/2.47/4/4/Undefined or Miscellaneous/-->
<quadcept_library>
  <setting unit="mil" />
  <textstyle name="Default" height="47.244094488189" strokewidth="7.8740157480315" charwidth="47.244094488189" />
  <textstyle name="Dimension" height="19.6850393700787" strokewidth="0" charwidth="19.6850393700787" />
  <textstyle name="H127W0635TH00762" height="50" strokewidth="3" charwidth="25" />
  <textstyle name="H15W15TH02" height="59.0551181102362" strokewidth="7.8740157480315" charwidth="59.0551181102362" />
  <padstyle name="c153_h102" surface="False" plated="True" isvia="False" nopaste="True" nomask="True" complex="False" holesize="40.15748031496">
    <padshape layer="TOP" shape="round" width="60.23622047244" height="60.23622047244" />
    <padshape layer="INNER" shape="round" width="60.23622047244" height="60.23622047244" />
    <padshape layer="BOTTOM" shape="round" width="60.23622047244" height="60.23622047244" />
  </padstyle>
  <padstyle name="c396_h264" surface="False" plated="True" isvia="False" nopaste="True" nomask="True" complex="False" holesize="103.93700787401">
    <padshape layer="TOP" shape="round" width="155.90551181102" height="155.90551181102" />
    <padshape layer="INNER" shape="round" width="155.90551181102" height="155.90551181102" />
    <padshape layer="BOTTOM" shape="round" width="155.90551181102" height="155.90551181102" />
  </padstyle>
  <footprint name="2460" originx="0" originy="0" pickpointx="0" pickpointy="0">
    <pcbpin number="1" name="1" style="c153_h102" originx="1023.4251968504" originy="-1.7716535433071" rotation="90" />
    <pcbpin number="2" name="2" style="c153_h102" originx="-1023.4251968504" originy="-1.7716535433071" rotation="90" />
    <pcbpin number="3" name="3" style="c396_h264" originx="-915.15748031495" originy="236.02362204724" rotation="90" />
    <pcbpin number="4" name="4" style="c396_h264" originx="914.76377952755" originy="-236.02362204724" rotation="90" />
    <line layer="TOP_ASSEMBLY" originx="-1122.0472440945" originy="332.48031496063" endx="1122.0472440945" endy="332.48031496063" width="7.8740157480314" />
    <line layer="TOP_ASSEMBLY" originx="1122.0472440945" originy="332.48031496063" endx="1122.0472440945" endy="-332.48031496063" width="7.8740157480314" />
    <line layer="TOP_ASSEMBLY" originx="1122.0472440945" originy="-332.48031496063" endx="-1122.0472440945" endy="-332.48031496063" width="7.8740157480314" />
    <line layer="TOP_ASSEMBLY" originx="-1122.0472440945" originy="-332.48031496063" endx="-1122.0472440945" endy="332.48031496063" width="7.8740157480314" />
    <line layer="TOP_SILKSCREEN" originx="-1122.0472440945" originy="332.48031496063" endx="1122.0472440945" endy="332.48031496063" width="3.9370078740157" />
    <line layer="TOP_SILKSCREEN" originx="1122.0472440945" originy="332.48031496063" endx="1122.0472440945" endy="-332.48031496063" width="3.9370078740157" />
    <line layer="TOP_SILKSCREEN" originx="1122.0472440945" originy="-332.48031496063" endx="-1122.0472440945" endy="-332.48031496063" width="3.9370078740157" />
    <line layer="TOP_SILKSCREEN" originx="-1122.0472440945" originy="-332.48031496063" endx="-1122.0472440945" endy="332.48031496063" width="3.9370078740157" />
    <line layer="TOP_PLACE_BOUND" originx="-1161.4173228346" originy="371.85039370078" endx="1161.4173228346" endy="371.85039370078" width="3.9370078740157" />
    <line layer="TOP_PLACE_BOUND" originx="1161.4173228346" originy="371.85039370078" endx="1161.4173228346" endy="-371.85039370078" width="3.9370078740157" />
    <line layer="TOP_PLACE_BOUND" originx="1161.4173228346" originy="-371.85039370078" endx="-1161.4173228346" endy="-371.85039370078" width="3.9370078740157" />
    <line layer="TOP_PLACE_BOUND" originx="-1161.4173228346" originy="-371.85039370078" endx="-1161.4173228346" endy="371.85039370078" width="3.9370078740157" />
  </footprint>
  <symbol name="2460" originx="0" originy="0">
    <line originx="200" originy="300" endx="600" endy="300" width="10" />
    <line originx="600" originy="-300" endx="600" endy="300" width="10" />
    <line originx="600" originy="-300" endx="200" endy="-300" width="10" />
    <line originx="200" originy="300" endx="200" endy="-300" width="10" />
    <sympin number="1" originx="600" originy="0" rotation="0" length="100" width="7.8740157480315" flipped="False">
      <text name="pinname" originx="0" originy="0" style="Default" rotation="0" justify="left" flipped="False" hidden="False" data="+" />
      <text name="pindes" originx="0" originy="0" style="Default" rotation="0" justify="lowerright" flipped="False" hidden="False" data="1" />
    </sympin>
    <sympin number="2" originx="200" originy="0" rotation="180" length="100" width="7.8740157480315" flipped="False">
      <text name="pinname" originx="0" originy="0" style="Default" rotation="0" justify="left" flipped="False" hidden="False" data="-" />
      <text name="pindes" originx="0" originy="0" style="Default" rotation="0" justify="lowerright" flipped="False" hidden="False" data="2" />
    </sympin>
    <sympin number="3" originx="400" originy="300" rotation="90" length="100" width="7.8740157480315" flipped="False">
      <text name="pinname" originx="0" originy="0" style="Default" rotation="0" justify="left" flipped="False" hidden="False" data="3" />
      <text name="pindes" originx="0" originy="0" style="Default" rotation="0" justify="lowerright" flipped="False" hidden="False" data="3" />
    </sympin>
    <sympin number="4" originx="400" originy="-300" rotation="270" length="100" width="7.8740157480315" flipped="False">
      <text name="pinname" originx="0" originy="0" style="Default" rotation="0" justify="left" flipped="False" hidden="False" data="4" />
      <text name="pindes" originx="0" originy="0" style="Default" rotation="0" justify="lowerright" flipped="False" hidden="False" data="4" />
    </sympin>
  </symbol>
  <component name="2460" designatorprefix="U" height="551.1811023622" footprint="2460">
    <comppin designator="1" sympin="1" pinswap="0" gateswap="0" gate="1" group="1" side="" type="Any" name="+" />
    <comppin designator="2" sympin="2" pinswap="0" gateswap="0" gate="1" group="1" side="" type="Any" name="-" />
    <comppin designator="3" sympin="3" pinswap="0" gateswap="0" gate="1" group="1" side="" type="Any" name="3" />
    <comppin designator="4" sympin="4" pinswap="0" gateswap="0" gate="1" group="1" side="" type="Any" name="4" />
    <attached_symbol gate="1" name="2460" />
    <pinmap designator="1" footprintpin="1" />
    <pinmap designator="2" footprintpin="2" />
    <pinmap designator="3" footprintpin="3" />
    <pinmap designator="4" footprintpin="4" />
    <text name="Datasheet" originx="0" originy="0" style="Default" rotation="0" justify="" flipped="False" hidden="True" data="http://www.keyelco.com/product-pdf.cfm?p=1025" />
    <text name="Description" originx="0" originy="0" style="Default" rotation="0" justify="" flipped="False" hidden="True" data="Battery Holder; AA; Polypropylene; PC Mount; 1; Spring; PC Lug" />
    <text name="Mouser Part Number" originx="0" originy="0" style="Default" rotation="0" justify="" flipped="False" hidden="True" data="534-2460" />
    <text name="Mouser Price/Stock" originx="0" originy="0" style="Default" rotation="0" justify="" flipped="False" hidden="True" data="https://www.mouser.co.uk/ProductDetail/Keystone-Electronics/2460?qs=3CbvriavsLB6FI3qURcWXQ%3D%3D" />
    <text name="Manufacturer_Name" originx="0" originy="0" style="Default" rotation="0" justify="" flipped="False" hidden="True" data="Keystone Electronics" />
    <text name="Manufacturer_Part_Number" originx="650" originy="400" style="Default" rotation="0" justify="left" flipped="False" hidden="False" data="2460" />
  </component>
</quadcept_library>
